ethereum/public/get_address_from_data.sql,4d0cec9a7bd3b2e3c90964913f89f59e4032c4ebb0779c136aa583ace7fa1d75,0
ethereum/public/data2chartopic.sql,7b9a8f64acbb2f504f889fb1d17de8a397922ac02d721e8ba8eeeffe5c3639b1,0
ethereum/public/numeric2bytea.sql,e48e892cbbd9b7a6463e0729dafe8fa8f9ed99d4fd590dc863e9627fdf108a30,0
ethereum/public/bytea2numeric.sql,7c25b647f577198d1221841794405046998d52f00268307e18ff9f288b661750,0
ethereum/public/data2methodid.sql,502f4df30556efed6b2a690d8d967392bf2df5836d8bf7b3da1eaaa65e1fab15,0
ethereum/public/namehash.sql,b6cea621ff6754b05b79ef445cfbe36538430d9b62664c3f006d4a8df9e61e72,0
ethereum/public/data2numerictopic.sql,9ba492c28a4cdde0cd643957c72847d4cef759ae44580c7bd3e54d6b1c51ad6a,0
ethereum/yamfinance/pools.sql,730c05aad99f32efea5861411bcd7de316a6be2cafe92771afd297e9841e0aaf,0
ethereum/erc20/tokens.sql,3e2d45faaacc9a4bdeec2fe972486f11473795e25b59509ebc67a0ecccb71a56,0
ethereum/erc20/stablecoins.sql,db104db72a345540dc231fba1331666ada451ea5d83bfbbd5abe7e609a4e37de,0
ethereum/uniswap_merkle/mrkl.sql,b853677f1a40070d078a18dec86e39b2ab33c06c998e26c257bbc11d32355010,0
ethereum/foundation/usernames.sql,4cadb036d969657667c114885f46c08fd4e73c1047c98b583f21f03a4cfc7cd4,0
ethereum/ethereumnameservice/old_preimages.sql,9d8dcaae61e90a634b38e4f7ff990fef01fd1c4fadae5fdbbae8338c65a344c9,0
ethereum/gnosis_protocol/known_address.sql,3bfc5dd8bd346e2dabb228d76b91d370bb81c019d86c898373b52018482fceb8,0
ethereum/makermcd/collateral_addresses.sql,5168e3204c3a742b46addc232eb69313330a1ade791df305d856d529fc04f94c,0
ethereum/loot/derivative_projects.sql,e34284a1b9646f93968805d19a45ed6770ab2b9ce3012348a7c07537a40d58e3,0
ethereum/nft/tokens.sql,34fff71b82a4f3a74ceab260bcfa041151d98c8eb0d6b8e152859125fe50175d,0
ethereum/nft_traits/wicked_cranium_attributes.sql,badc4c289cb953209f0c85c9191acedb79c05a9563f9de76e11e91349993a000,0
ethereum/nft_traits/wrapped_strikers_stats.sql,932daa94b27216ccdbdf8b07063d94159f3218ab3932ce4d41308c4b3fb20437,0
ethereum/nft_traits/incooom_genesis_traits.sql,1f32250d1b2e67fc0bf2d26f83db1fdec6ef30f49c26a02fb5b6d78b67420240,0
ethereum/nft_traits/incooom_kings_gala_traits.sql,fe880f17de39f7a461e494ae586e4f5ba33b0bd441b12e71c73fc89709288c33,0
ethereum/nft_traits/apedao_remix_traits.sql,057c09100847c413e31c9b1066d732a7752c28cbee7e3a4ba3ff2d9c8fd5b132,0
ethereum/nft_traits/daopunks_traits.sql,66f8ab2a76a2cc396b9185ac657438127e1c20c767010a839ac51fd3722fa8c4,0
ethereum/nft_traits/luchadores_traits.sql,55019e9cf267d9576d62069a0c1e347799a2a855cea3252b225cbfb364bb6ca4,0
ethereum/nft_traits/linksdao_membership.sql,e6b5ecf290810bf3f9502b671d1e352c75e8f58b1636b48a98f528f410f6a863,0
ethereum/nft_traits/cryptobulls_traits.sql,f24258dc21935051545f44e4d8ea302f7915933afc1fd13a47c9ad2c730c6a25,0
ethereum/nft_traits/rumblekong_stats.sql,ca8054c09e79c28560dfb85da153cdecf19186d61efbf8e3df060924129b01cf,0
ethereum/nft_traits/on1_force_traits.sql,e6c30697958f327956d36d4a6936676c8d9438b4d11505478655f57f2eaa14b0,0
ethereum/nft_traits/loot_attributes.sql,5e0adfaa2fd56d8ef3833c10865536ef8aae737d308b43f306a15850d43fcb28,0
ethereum/nft_traits/cryptocoven_traits.sql,5610d6eec5bf4493594cc0c6307a7789144887e0d19c7a018810680aaf0128ad,0
ethereum/nft_traits/bucketsclub.sql,426507170e09e265a9e6f1021d6c8192e3202fd8f303450a6af0d0b5efce6a2c,0
ethereum/nft_traits/vf2_traits.sql,8e02f445fe79ae226ab62985803bfb83f8c87944b1d0ce806483c25e79a39219,0
ethereum/index/view_indices_assets.sql,dbdc9b4ded8e0815b4519a03e67b0c06065fa67b097e7d49d5e9e99b4d3151f2,0
ethereum/chainlink/view_aggregator_mappings.sql,9a362cb1c94d50f29c37681cdcd24d709938b0fd7482be769e014183163ab11e,0
ethereum/superrare/usernames.sql,489af90619a91095773771e8f54751f25adaddc753af860cc21270b92bf41826,0
ethereum/iearn_v2/view_ytokens.sql,cf9f41438d93e679c9761d5fd5299c8c9abdeb5606a4def9f0ae0071b9651e73,0
ethereum/bancornetwork/view_smart_tokens.sql,91269d94949a6cbf5da87ad127d3f73f6c56c6903d2542d1028e9b8cbcaea794,0
ethereum/compound/view_ctokens.sql,eb95e270fe959bc9c450358b37163ce9382e1aee183256ae529a4adce124c965,0
ethereum/llama/llama_token_migrations.sql,8baef308f3773ca385f439b1e752fc9c7fae4f4cb9c6c17ac0fa35d80a3e7f4f,0
ethereum/llama/llama_treasury_addresses.sql,9d3e08a74fb5cbd3167d9ea366cbc2a85e0bc653137ce14913fd31ce0e54ca7e,0
ethereum/aave/llama_aave_treasury/aave_daily_treasury_events.sql,92b0ccf7b29328e0fa2c7f25285802fc334eb04cb26397f4842aa2cb1344f3b9,0
ethereum/aave/llama_aave_treasury/aave_daily_treasury_fees.sql,3264757f0361467bc9d060156f680d0ac4d4aae9ba19815b90c5e51a36f4f911,0
ethereum/aave/llama_aave_treasury/insert_aave_daily_treasury_fees.sql,4ada6deafb21ca9b9a55bdf7de08007293295cdfe483eb8d64e0a43764a995c0,0
ethereum/aave/llama_aave_treasury/insert_aave_daily_treasury_events.sql,850be25bd0cbc9a0c3a6cb9a82762ee40078647c1da20e569335b9580aebc457,0
ethereum/aave/view_atokens.sql,33c941b10c521ac0422f9d1fc8d1b4674f6094595badc81c24d9df88a8d08dee,0
ethereum/aave/aave_daily_atoken_balances.sql,b9753a6c836c26eb2671572dfa5348bb421e2a632a4df4b628808a96f8851994,0
ethereum/aave/aave_daily_interest_rates.sql,b5c79534951bcd8129f941427c81f895069d2a6c2103977880af918a8392d575,0
ethereum/aave/aave_daily_liquidity_mining_rates.sql,86ad6afb9a3c00970a0b6768ea5e3a644c3cf7c7ad885bf42b5f3b836ded4dac,0
ethereum/aave/aave_tokens.sql,205fe4ffdc388c915443581c96e2113905b82138acf539532df0ef0f34d7ac54,0
ethereum/aave/insert_aave_tokens.sql,92af67eb5f33e4e112f4d52db106e23a6ab2e1312ab6f8dc52db0c602450db88,0
ethereum/aave/insert_aave_daily_atoken_balances.sql,3b9535bb2630029850fd06fcd6c6c69d32a435ef9d6558d76402c2346fcae948,0
ethereum/aave/insert_aave_daily_interest_rates.sql,a951b34e7430d78f94d850aa9176ddaa5136ac0c7e6f702cc71397fc0d3745bd,0
ethereum/aave/insert_aave_daily_liquidity_mining_rates.sql,8a39b9690d4dd484c83ab5eb501bba35a1c2d04d3ac84e756acc54068695750f,0
ethereum/yearn/view_ytokens.sql,19746620bdafbd50868165a0fd801ae76f59defad283538827d1d3506974097b,0
ethereum/larvalabs/crypto_punks_attributes.sql,dc3cd492405ac0fc545661a75d0d52e6501b50ac484d66b96d332000dcaa06b0,0
ethereum/synthetix/synths.sql,fb0d023b3c402f048de49d71e7ed22b0dd8091bb276e0e58f900b817cf2e036d,0
ethereum/synthetix/symbols.sql,844fd1d9550b438f26dacb618e8359f4c206ecb99e765f2a824c370aec786415,0
ethereum/iearn_v1/view_ytokens.sql,96acbae5cac089a96b2ca6933492165f72d638fd180701a8f952fc02d0c44015,0
ethereum/dodo/view_markets.sql,50a2988df73317dd49317d55cc4ecef01e6e2116bbe2cc9cd93d57e004dc5f6f,0
ethereum/synthetix/rates.sql,d551439c27d99bd0f4c30beea4ca908a823b50220bab05a44bd7a621b9720a77,0
ethereum/synthetix/trades.sql,86c644dcb91122711e8d9f2985c11e24833b6f36e5989080aa08227e3390e660,0
ethereum/dex/liquidity/cex_pools_tokens.sql,c7630ec65e06aa221c8290565cfa0dae33e67e6c00b968dcd04a728531726a32,0
ethereum/unit_protocol/view_tokens.sql,60a48d65ecc8cb826a98c4cd80e8de446118b4610c7a708b6a51f26e326a5c37,0
ethereum/loopring/fn_process_block_v2.sql,c0fc137eff57883b25352a1a2b52b9e28dc420d8448c16571a6a9bfc09bba6ed,0
ethereum/loopring/fn_decode_float_24.sql,053a89de14d9f92589fca40734a4575683643cf1565687fb345c7edd18a13f28,0
ethereum/loopring/fn_decode_float_16.sql,2228d6c8aa0bf4f9c1f18fbe142ffd342ffa92f01c693b138e4f7e2a77e33717,0
ethereum/loopring/fn_process_trade_block_v1.sql,49f029f582c551cea3980cef425a165b1f4d00883f1176711e79693f69565d3b,0
ethereum/balancer/view_balances.sql,c5d412eb1ffa70724a6e1ea77cfbcb666766788b7d8cc4319462f0fd677f5e52,0
ethereum/balancer/view_lbps.sql,7171a154704e9a4b8e29efe842266c52474daf3ecfcf7944c463fc49bac218fd,0
ethereum/nft/trades/trades.sql,4589d9263209e11f951524a9c4e384364faaa72ccfb4465c1907a7946a591034,0
ethereum/dex/trades/trades.sql,68288ce6887c2f60e4301467ff068895a6dbda72480109f21f9fc17b22c0948c,0
ethereum/balancer/view_pools_tokens_weights.sql,cb91b0ea5edb7931579a180dc67854c4ecb64c80363b883873749ff932d1711a,0
ethereum/dex/view_token_prices.sql,f968141e8a367b69f97e5d338d6c83294b79c25507def13aee2f5528fcd29881,0
ethereum/dex/liquidity/liquidity.sql,ad355d74efc6d86ea31c2e9fc717e3a2767472c739c2e1a86093fc682aee2890,0
ethereum/erc20/weth_hourly_balance_changes.sql,c92a00148d4b9bc12bfa61745d5a24e93e68962eca84d421cf99dfd2d46940d3,0
ethereum/erc20/view_token_balances_daily.sql,ca8890326a3bb3c7be088172c55d1d949cc61caee952030db00ce75721a3901b,0
ethereum/erc20/view_token_balances_hourly.sql,27b3fc870fb470fe6cc5f1dfdbbf83263a51bafb061a747352b2d95ed765131d,0
ethereum/erc20/view_token_balances_latest.sql,b880f14dea150f3af352af0ce9ab3db72f8dad3c7997c1ef670fa016fa25ad5a,0
ethereum/balancer_v1/view_pools_fees.sql,fd94d243633bacf7b9b65171538104a077f0742364e033688261857df1534d4f,0
ethereum/balancer_v1/view_liquidity.sql,d4ecdc8998f13034b553fda67f81e2f3dc327f124096fdb65eaf5a229cb5b92c,0
ethereum/balancer_v1/view_transfers_bpt.sql,e28c2297a297b296fe8be2ba334fb53682d60bb2243bb58cd2e94891f42a6124,0
ethereum/balancer_v2/view_liquidity.sql,1b0c0d23e300071e18014ebb53c5e9c8d85a6bc7e9d6536ddc6144b0482a67f2,0
ethereum/balancer_v2/view_pools_fees.sql,fdd268cd39d390b74cf68f10426887a63c2ed7bca9d695de15c10ba9da243765,0
ethereum/balancer_v2/view_transfers_bpt.sql,6d0f9ff746a2f55cbf8695b27a95017338286a3860a65df6e431e72eb54e4195,0
ethereum/balancer/view_pools_liquidity.sql,9f322363fa9811ffff5f2896a2bc1beddf4909612f32f33991acc6a1012ea03d,0
ethereum/balancer/view_trades.sql,826d854e55c71b0ed8545a730765d09649e89bb62920a0052a27e5bf3cb7a801,0
#ethereum/olympus/view_olympus_hourly_rebase.sql,d3548c0bc2b46e9348dbdc08d0ef66a102805a17bbd3099e1ebdddacee1bccd5,0
ethereum/token_balances/project_addresses.sql,df3261401284510f8d7910584e9c5d1b8be286e5ea5f8e79bbc7912c3e67e4ed,0
ethereum/setprotocol_v2/set_component_token_mapping.sql,e3df473ff9d709837cb64ff3bc56388464df450dcb6abef9b482274e5ba321be,0
ethereum/setprotocol_v2/daily_component_prices.sql,66fc8eb08a79570ebb161eaeede0a124563f1fa4bd00ea37c0cf2c195feaad70,0
ethereum/mirror/mirror_writers.sql,aee7e2dc1086aa96c042aa55a22001c66940943738d8bd2eff2544d584a4d203,0
ethereum/gnosis_safe/view_safes.sql,1b8ae63227517c980e27dd365089d03c76ed0b3d3379b17bc7cfc8514c0fcd83,0
ethereum/erasure_bay/view_deposit_stake.sql,6079ba7a245786ad88ae0aabfeb93a66770b72fdbb5e4c747839346d834aeb31,0
ethereum/erasure_bay/view_deposit_reward.sql,70c4e18cc99899e7b838bcd8a3a580574318a571ab1c227d255188b12d1de243,0
ethereum/erasure_bay/view_burn.sql,f2e876f5e45edcaf0701b110e2bf9abc490a171e26545756461385bbd09a0100,0
ethereum/erasure_bay/view_finalize.sql,9344ccea4b03a63334ec47dcbd1724f586d1f4f9275c223d878422689b86724b,0
ethereum/erasure_bay/view_request_data.sql,d2ec2f0fd21ca56340e78adadeec57773a6e10cce6578c60612efbf81a89217e,0
ethereum/erasure_bay/view_submit_data.sql,86a8d80d2070f18cf95a6cd0b5803531037cd2554200982f2f7d6780bd815518,0
ethereum/gnosis_protocol_v2/trades.sql,ed7b03bb2980404c9c803a716211a4593f8b2760c9eba152edd624c515ed9d6c,0
ethereum/gnosis_protocol_v2/batches.sql,61721fde1a00f3cefcf8fac289b6fac354ce57f0cd6eeda53f9619c39e421e19,0
ethereum/gnosis_protocol_v2/view_solvers.sql,8eb4a14d43b045268ee945f1afc69ec0d2a62327242ba5b74f66d69d92b08d09,0
ethereum/balancer_v2/view_bpt_prices.sql,54f215c752c164c8187039b04eba77f2afcca34343444c00675fa719db7b0de6,0
ethereum/stablecoin/burn.sql,3ab12b09ec22ed9583f148be9fe21d882e999aaaf30aad2f8824fde77c52d8ee,0
ethereum/stablecoin/transfer.sql,3f27dbb02745daed9c6b712987bc07cadc6715658ff7f1b067d2b72e3b1cb876,0
ethereum/stablecoin/mint.sql,2d317d83db92bda80c0796a4e9d3492ff6dbc57e44752df93563b8c3c736eaa4,0
ethereum/makermcd/clipper_addresses.sql,432e7479553485ff511dd27f41a972c8b9e21c080b3c93a2410030da0bd10401,0
ethereum/makermcd/flipper_addresses.sql,661135fafc87f00adcfb55d64e36ba883d508ae0b4eacd0e7cacdd6ea6e36bc8,0
ethereum/chubbiverse/chubbicorns_tokens_v1.sql,e816dab8f4b939518f0223487465f2a3e5506f274b38170e8fc7c188fcbba76c,0
ethereum/chubbiverse/frens_traits.sql,070bc4dbfc3ddca94874f08d272f1cf176489c780e403b5ec09f31527e8da0fd,0
ethereum/prices/prices_from_dex_data.sql,c603dcd5420938203c53aefc14b480a38491ec389f275b4311c3bd564c20780f,0
ethereum/clipper/view_trades.sql,1a442335e1a2ee6bfe5fdad2332c5d698741fce08d722fffdc94aa5d6a52ce85,0
ethereum/yearn/transactions.sql,1796293b15e4e6fbc33218a648f9046ad16bd1f07183bf89a1985fe7d2941e47,0
ethereum/yearn/view_yearn_contract_tokens.sql,959fe7693f4a15ba322e9f69473716125bd74dbbcc4bb746a769c4d56f2f732e,0
ethereum/yearn/view_contract_strategy.sql,47d9f1f6ebdff8a695ecb953f24db7f246d8659dec5219fb7888898b2d61769d,0
ethereum/yearn/view_ironbank_aggregate.sql,0c254ceee052c4e943e10116def362cdec35a52f1d2352a81064dcc89afdefb3,0
ethereum/yearn/view_yearn_harvests.sql,4860c9c8f00cf5c7f119b4d7e794fcb3cc07cad947318125fabae07ca3d819a6,0
ethereum/yearn/view_iearn_v2_deployments.sql,f7e1e20bd9937bb898ba0e6583af0bcb408afdeaf109723515ec08baa0cb1884,0
ethereum/yearn/all_vaults.sql,ac9f0aeec5b4c1a334b3d11868f966175ebe1d962d429eed90740ea4da4f57cd,0
ethereum/gnosis_protocol/view_tokens.sql,14b2a24ffc2ea239482c06f32dc8e8b4d5ee9bcaea7328d76b50458102c7612b,0
ethereum/gnosis_protocol/view_trades.sql,ec3a15c0a8a495ee5eae662a815ce91f29356d7907c535d2301a895f561ca5f7,0
ethereum/gnosis_protocol/view_price_batch.sql,d146d1f72e50172ab8dca8773277844e52c894040cfcec93ab7fa0749662fc7e,0
ethereum/gnosis_protocol/view_daily_average_prices.sql,f53be51e316eb11a04be7dcb926a97f4d69bd87ecd177d67153ec68038a4cec4,0
ethereum/gnosis_protocol/view_movement.sql,6035ec5bb625c7e9ed62cc795771f7890f27ade554009fa7845d626e518e69e4,0
ethereum/gnosis_protocol/view_balances.sql,5684bca124d0f3f35c6325515f22c6201133b1e8278e95ac17eb2712283810ec,0
ethereum/gnosis_protocol/view_trade_stats.sql,17dd5874ec197a75a90da0ef6b3901762adf52233297ea5dea9f1471c708d9f1,0
ethereum/erasure_quant/view_reward.sql,920cdc0ebc5dde75a8e5a02328e75bae2acaa4024581995ada81a4935675f592,0
ethereum/erasure_quant/view_burn.sql,f7890ceea4d59166d909521a02815037a226d3dbc40f16ca32d34486f8a5dd98,0
ethereum/erasure_quant/view_stake.sql,887ec16f9f9b9bfb7e3185cf404216a150792968cd31eed53eb852dc0edcf6f4,0
ethereum/ethereumnameservice/view_expirations.sql,378cb31b99d1beabab820a2456ddd3bad2fc8bb6d7dda1abedbcc40c09cf1948,0
ethereum/ethereumnameservice/view_renewals.sql,b7ba85edd685c7e0d4a9b6e6cfa1ccd582d57009d5eab5d158b9998d20985536,0
ethereum/ethereumnameservice/view_registrations.sql,1ddde70ef393feb33718f7c74be19ff2e544c1daf640966e532408448065fb97,0
ethereum/ethereumnameservice/view_registries.sql,acec3a06f3bffd43c9577338a8c9fa42cbd3c723263157aa87e7c95bdf19603e,0
ethereum/balancer/view_vebal_balances.sql,ea5f6a86ab271ff65967dadb5b1da33a380ae234f18bbdc0a2557756d7341d0b,0
ethereum/balancer/view_vebal_slopes.sql,81c5c541426b908200537865f3b9e06cbf6b27b2bfcdfd1885eda0292e6f3c84,0
ethereum/balancer/view_vebal_votes.sql,abfba95eaa0d6bee1585b60593fcc74c05213f15d3ded4faba08981b90f5e23d,0
ethereum/bancornetwork/view_convert.sql,cd30c1fe1ac877564dbf8719d4b385ddd86a49fd1e4d3f49b6790d77346dfadc,0
ethereum/bancornetwork/view_update_price_data.sql,b1b1e145e4be018f8c8f66e3e606f01f1978205611c77250b356d79db881224c,0
ethereum/bancornetwork/view_add_convertible_token.sql,0768189fc7c1e9008d74c1df840ecf34c823cb5b6f732f4df8fe06455bb420eb,0
ethereum/bancornetwork/view_add_liquidity_pool.sql,7bdd886769d6922b5ab34c669835c498c0bfa1dc2b269a7d3036bad53d110ffb,0
ethereum/bancornetwork/view_update_token_rate.sql,ed26efba2a511ffa2e3e369d40692f1566d3fc21c86d9805d8e9583416bfac92,0
ethereum/bancornetwork/view_update_conversion_fee.sql,df78c4037f3e79948edd72a25c88c819108d857de4e4fca9e73771ef94ff1821,0
ethereum/bancornetwork/view_remove_convertible_token.sql,493f484f8541643b881c4ee113f561815256a01a8ff3fc3e4347835a3ad395ff,0
ethereum/bancornetwork/view_remove_liquidity_pool.sql,6b3f4f1c0d3998cb1f0a25a64e9d9937379f2d46c70dae5b9d964465d47b648a,0
ethereum/bancornetwork/view_remove_smart_token.sql,1b797a8c5b6ff724298972f5760c1c9d285ea0486f1fd17b53bd698a3d7d31fb,0
ethereum/bancornetwork/view_add_smart_token.sql,9c073f36f945ccacbd8d7c7dff4f81173fef8d8b782994093d38011e889c16d8,0
ethereum/async_art_v2/async_art_v2_token_mapping.sql,286125d0b19e3d2d9f8e8ecdda8c1390dd441e2da304612b48a169fff4a7c9d3,0
ethereum/zeroex/view_0x_api_fills.sql,9eba4db9b96d4c4fbca97c1838c0a10bd056c4cdcb33627fe01076dc25623efa,0
ethereum/zeroex/view_staking_pools.sql,2b6fc0638b83f31fefdc7b41273823ddf0dbecdcaecdae726d83d5f6be0330a3,0
ethereum/zeroex/view_affiliate_data.sql,4188dc50be97731c0980cadc61b04875bca820fc5210ad023c6f1f014d671fd8,0
ethereum/zeroex/view_fills.sql,268f55ae5caa852cfe479abb985952115d7dd9d04074cfd1411a1fc9457b6b3c,0
ethereum/zeroex/view_zrx_staking_changes.sql,183f0640f102f4672ebd54f66e21a65129f8eb8952cbc6942c51d385e42cc60c,0
ethereum/zeroex/view_current_epoch.sql,065f269e40684595c6c196e0369c910991b68936cae2059ca75fc32575b7efcb,0
ethereum/zeroex/view_staking_parameters.sql,4508164cdcab6f8fadc6c3a7d5aed3d6b859e39929163b0914f7ce4253f00bde,0
ethereum/zeroex/view_epochs.sql,a40766ba1f5fc0aaa38a26395abcd0b4eb7eb0bc4c3c41308d6194a6021c7b70,0
ethereum/zeroex/view_rewards_paid.sql,eb341515a8e1d296b7a31844c434327d589104896662da6afb40ad1d50ea4b3a,0
ethereum/rari_capital/view_rari_fuse_ftokens.sql,b847993fa39c629285e99f591764e46b2ce9fab1c346cf689e059a525448cac9,0
ethereum/keep3r_network/view_jobs.sql,86cddcf8cbe9280fc43d11f89b50673b26972b69448a9f995f42cea4574f6f8b,0
ethereum/keep3r_network/klp_data.sql,323d744b72dd7f6b285f9683523adc857e2f5e225e4bebd368734dc364ea37aa,0
ethereum/keep3r_network/view_work_tx.sql,5e520490b97a1b08a4628671485ed989258c5055dc01ef844f269c2c3396115b,0
ethereum/keep3r_network/job_data.sql,c9ef40550394eddb6e402cc1c9ad85f6b393bbb593fe0f11ce57e93e3843fad1,0
ethereum/keep3r_network/token_data.sql,2de73984f7ee5782bd37315dd46e4c3348e71bfb60e9bb08c327defd7ab92668,0
ethereum/keep3r_network/view_token_quotes.sql,a2ac1cc358d598c48dee6519fb989c998c053150c68cfe5cd75121db03bde608,0
ethereum/keep3r_network/view_job_migrations.sql,934bd4be200a392b2212fa5e7ae1c23993ba992e4da11bc27cf89ff06865d14a,0
ethereum/keep3r_network/view_job_credits_log.sql,668ca1d4c4f7fd72b1fa8c34e34d9ff47963539e9fb86bb9ec9206d50dd3e7bb,0
ethereum/keep3r_network/view_job_credits_log_w_dates.sql,3b0601c9c96bb32227139159f15b1bc6e82e02651aba12036b27b8f1b74e3c2a,0
ethereum/keep3r_network/view_job_liquidity_log.sql,a47e01bc6cfa78dcf0259df597c9a7c9b43bbf96a7e91c4cfe48676640acfd3c,0
ethereum/keep3r_network/view_job_log.sql,c92393a51c2537de3e4baefbdd18aec72a876a2d9c48f4977121ad7e4146f76c,0
ethereum/keep3r_network/view_work_df.sql,9d31965aec10996394331c2c4690c6724253b0cd424ab9cf6019a469ac58bca8,0
ethereum/keep3r_network/type_credits_accountance.sql,2c947699e7d3e37fc4a1147e714a74b6f27fc0e6b3f1ca6ea24a4ff93e7096d7,0
ethereum/keep3r_network/fn_calculate_credits.sql,aa586f20dad1107102bb2a3d8b8661291e674a353e8f1ca0940ab59f8dba524c,0
ethereum/table_indices/hex.sql,fc060ca4621d2e8100d39b50680d5c703d690335b0354c6e19c9ab16e55a77a2,0
ethereum/table_indices/uniswap_v3.sql,5383a280fa56bb7cd17b5de9280309e62b552324fbc326ef3055b9c50d08719d,0
ethereum/table_indices/uniswap_v2.sql,833c02357fdba6b4d7dbc5b5c32a75305f596594073bd8f30cd4cc1cf017709a,0
ethereum/table_indices/erc1155.sql,459ece98dffae0e0864102655f5a9e0b8d2674ae444ddb0d3d65536613035eea,0
ethereum/uniswap_v1/view_remove_liquidity.sql,ee30dd478c74db77c20477b49b87b0ac782965c93b5a072233936ca2fde6487e,0
ethereum/uniswap_v1/view_add_liquidity.sql,30f5f77995062fcf69779644ef39285a8119608b0ebb490023ae942e04584be3,0
ethereum/uniswap_v1/view_eth_purchase.sql,66408c2ac79799a30c2f40f00b0a934f87db00ff0b0c8d212e5b2c08409eab32,0
ethereum/uniswap_v1/view_new_exchange.sql,66a788ba8c13be9c45789d41894dfe126aa6b2b26083e091390a482bee1a39cd,0
ethereum/uniswap_v1/view_token_purchase.sql,ef6c472a24576cc5f0d71d8d16b588eef39a83030ec53677f4044b56c07ea034,0
ethereum/curvefi/view_pools.sql,6207d0d20b185f0933cde491f465c8f55d6a096b8a6a812a5d5d7103e17a8161,0
ethereum/curvefi/view_trades.sql,a9fb90c01a58e046f6e5cfb2e170b724b815acb771b692b197b980c775849695,0
ethereum/nft/nft_wallets.sql,500f0eceeb8b3d586c1f7f353cbd23139f05efabee0d2456ab8eaed173186b9c,0
ethereum/index/view_indices.sql,a92ef847764bc85262c88fe3b56f371feedd62d461017224ebdd53ff891fdac1,0
ethereum/lending/liquidation.sql,c878c73d78b8c8a7af11e3dfad1b780534a85ba069a4ade5f6794a3e1be98ac2,0
ethereum/lending/repay.sql,993df5fa2a2f625e0611d84e5577d77a4fb9310037f702c751782ebaa8ad7b26,0
ethereum/erasure_numerai/view_reward.sql,43bbf1a2f559e04f8852da74207dfedc6bd71c54749f2880a5520b868a34582f,0
ethereum/erasure_numerai/view_burn.sql,2a03002a20e73428123552d7dfbc1695b8ce92bda1ddf3f85ae3caf04df027ad,0
ethereum/erasure_numerai/view_stake.sql,2203af2de12873b023ed4c4f4986042f206baedd1d91360a58c68576778a4e24,0
ethereum/lending/collateral_change.sql,a3b6537fc7a225899ea3e7c792b094bb69e710fec1a8dac6899960f7d0cae1f3,0
ethereum/lending/borrow.sql,2dbed3ae6d26bac66063b4b5571045da9a2e063bb54c83db0cc8b3aa06d6a396,0
ethereum/erc20/insert_weth_balances.sql,ff93f3a3067d014e26fb4b4a10d0267b749e756cc8e4bc5cbdf1df18768e6ddb,0
ethereum/erc20/insert_weth_balance_changes.sql,c1ff11b94405804a15eff2e3757ea5b9a444eac9fd69e61a601e92f2097f0eda,0
ethereum/setprotocol_v2/insert_daily_component_prices.sql,94acebf7eb9c484c2197d4fb90aa69763d4039e28ee60751c87bfe1314892d42,0
ethereum/gnosis_protocol_v2/insert_trades.sql,e9aeacb0defe2de1942904f9f32761ebe5b949438b85f3b9972733912130dc4c,0
ethereum/gnosis_protocol_v2/insert_batches.sql,441ad0fa41ed10edf784b7ca0bcf406f351dfc55e314f4e2a9aef85710584f1f,0
ethereum/prices/insert_prices_from_dex_data.sql,8bd281dbcece3310ddcf59981e3535685f6681cd4673294dd88ef45da46e7154,0
ethereum/dex/liquidity/insert_balancer_v2.sql,3d815148bf54b86bd69e5ed0bbdd43ca2528ee0b9eb9775a0cf52cc5c5ff8c62,0
ethereum/dex/liquidity/insert_cex.sql,fe8bbe9ba2abe322d8a1e27cd8b63bbcb91d7047a02fdf6338a929893559ef34,0
ethereum/dex/liquidity/insert_uniswap_v1.sql,131cc33cd717c086385532ba10cf0627a7a3b63416268c535062e974b1275437,0
ethereum/dex/liquidity/insert_sushiswap_v1.sql,3c7d0759282f41276f8e9d5ae0e94fa4fdb679043254a93130a9875afb543ed2,0
ethereum/dex/liquidity/insert_uniswap_v2.sql,a621c920cfe56cb5f86fb243011072ad64264c2ee6fd18bcd8344acc27c0ab2c,0
ethereum/dex/liquidity/insert_1inch.sql,84b59f0bb56b9a7cc1d8e24aca1852664fc2cbc97b5f9f61da5f92511a249600,0
ethereum/dex/liquidity/insert_uniswap_v3.sql,4e7071a61da9f2536c82447f9a2ec46aea5ee9fde3551b8523bdd7e9081258a4,0
ethereum/dex/liquidity/insert_dodo_v1.sql,56508dbc1fd9c174553075c592ed09f971395a003e671333cd372a7f9cbea3ba,0
ethereum/dex/liquidity/insert_dodo_v2.sql,753eccc2dfed8da65b1326cb9305e52e4c86be609ca044274d5ea3f0ef4c23aa,0
ethereum/dex/liquidity/insert_bancor_v2.sql,2683a53a14b6b211b2499ac35ed282cbb4e810c7956d886aea9c5e2944f166fe,0
ethereum/dex/liquidity/insert_curve.sql,a31b5b4316657b1852b6c451b8178f6e01bbf842b7fa27288369481221894f30,0
ethereum/dex/liquidity/insert_balancer_v1.sql,1082738e18afb26a2723eb3468d60e6ef75c49caf3d31718c4a4e33dd5960a29,0
ethereum/dex/trades/insert_convergence.sql,a48e33895c35589e0662417e269218ca9b41abf349eb0a53452d6f377c89ef88,0
ethereum/dex/trades/insert_bancor.sql,809ddc1b7a222bd45a706b5501b83edb12b17e317788cfbe8c1b100d3d921aba,0
ethereum/dex/trades/insert_uniswap_v1.sql,814b98e4b5b08c455da58ceac6fdde825afb682d6f8059d9fbd2b60bdbba6c47,0
ethereum/dex/trades/insert_shibaswap.sql,3f1ca271296f1d79f9e91df05c79875f66d384d27a39fd98b64fa78def103694,0
ethereum/dex/trades/insert_uniswap_v2.sql,f5888cb8c05e772d59c8e5e66a36f0f29541c7f7da5e3f63ef1f86893e67fcb1,0
ethereum/dex/trades/insert_idex.sql,4ef43439c68ffa532d1f6494c3854dc2fae812db5a55d55ef71edbdd66e82404,0
ethereum/dex/trades/insert_luaswap.sql,047b3ca4bf9c61d18f3cd3c4d06903bfa467b2ef07b6a5c8dab6703503f93a0b,0
ethereum/dex/trades/insert_1inch.sql,53e2e0ceff3000ba7474f5ecb4af9b3ac9ba3a9798c611ec85d5b3dcc7d21ec9,0
ethereum/dex/trades/insert_synthetix.sql,6aaa0358bd1d9433bfc02b63b836b62ace0d30a8b58d48af30cdb250d6b6f133,0
ethereum/dex/trades/insert_ddex.sql,ecd39f3aad6ca4212f7e98167146dead44a6b007837e9d6219a84b532f9c45c3,0
ethereum/dex/trades/insert_1inch_lp.sql,ee0592942156d11928b7244b443750949bb885a1e6a9d03e9768785759c738d1,0
ethereum/dex/trades/insert_uniswap_v3.sql,96d0c549fd6617488465ee24d3d2b0d06b2f6039cba37563dbe2b0c7fa069088,0
ethereum/dex/trades/insert_defi_swap.sql,0a7742c14eecdd512896f069737913cca1ff13176be1892e64b906b2b3d6d4e6,0
ethereum/dex/trades/insert_xsigma.sql,c2c19f6af07dd7c1f637a7396a40f8e902392a439c9dfd62696fcd2bb304a5ad,0
ethereum/dex/trades/insert_zeroex.sql,f4caaa8d1cb6fae3fa1a1254b558b3f41a2ee39ce3742bfb66a31052b4883edf,0
ethereum/dex/trades/insert_mstable.sql,4e342eaa093ad9f874caeed81adb84d3d19af3d7c85cfef2561dddaca67e445f,0
ethereum/dex/trades/insert_gnosis_protocol.sql,8edc544a67683291de8f1ce0794980439829b3cbf180f2c94a68d3b43bb63c37,0
ethereum/dex/trades/insert_sushi.sql,4ed580442d2be1ae83853bc1957d6d626baf61a799f9f8e730497b6886c60797,0
ethereum/dex/trades/insert_clipper.sql,88e8dc685eb33af4ef65521c2e8c48660558b3a827d931cc3994c6c175584b06,0
ethereum/dex/trades/insert_clipper_v2.sql,16268a30ee316ccb588217a0c06ae50ce7bd2a3cbe8acafef0bf1fa822597ef3,0
ethereum/dex/trades/insert_linkswap.sql,2ea39c6d67e8a1d247cb468ac56aeb378f754f575219663e453d9890b3d70a36,0
ethereum/dex/trades/insert_saddle.sql,103204e09df5da934deae491cc0d4d69749d63ea0809a858f12b4f3ccc271b1f,0
ethereum/dex/trades/insert_defiplaza.sql,3ef0a73f9bffd5fa26a474acb2a9416cb4220856b73f83d20230153a95d50cae,0
ethereum/dex/trades/insert_airswap.sql,98405f9517c53b04185af23117b60b934db17dea1e405c1de7deddbd72f2bc5f,0
ethereum/dex/trades/insert_futureswap.sql,54805d851cb00bcf672a4261daffacf2ac5ed386e8d25af5a51a20d178bdf79a,0
ethereum/dex/trades/insert_cofix.sql,1c60dfef163203c9d390bca91403cc55482afe472a1458dc8c828513178ef878,0
ethereum/dex/trades/insert_smoothy_finance.sql,f89d37a10d3ce4972077bf990d7d5d4f5b83de44a3462c767b15c55802cd839e,0
ethereum/dex/trades/insert_dodo.sql,bb5ac7debd272a06263cb0e17fd529efd486aa0ab0c593ea520eace263a471aa,0
ethereum/dex/trades/insert_mistx.sql,3669cb9995f142cce2c04345a0b4b3bb91a1ab5b461f7175ea5fce37d76d506a,0
ethereum/dex/trades/insert_tokenlon.sql,7ac0d313b5e39b3952777867a9cfb5d269e9a55a18a13d548b5b1a0187523a41,0
ethereum/dex/trades/insert_shell.sql,bb53af1d1dbc287b8be1da77e732b1955f96e36c99b2c986ec4b5c2f2a0181ef,0
ethereum/dex/trades/insert_integral_size.sql,48785a8d34c03eb91f0e4632a5fb07a997f22059014dfe1129657fa4755bf324,0
ethereum/dex/trades/insert_powerindex.sql,aacfba28e9c7f7ad33a338df32aab005b40b76e1362a5054af6b0650ce5a4284,0
ethereum/dex/trades/insert_unifi.sql,f57c6d8139018bf0bebbd20a285c8a617e8eab280e8e22e272d8ba68a8fe4fc3,0
ethereum/dex/trades/insert_oasis.sql,d031c95efd078807477e0fe1488789f0cd5e742678f7e0718846e9324f88e37f,0
ethereum/dex/trades/insert_dydx.sql,3284f69809ef6e617f159cf5d4d32272f9192d3e483e99756fbb5e3c20c0e1d5,0
ethereum/dex/trades/insert_curve.sql,a0aeeef7d4254071b271d06cf128ee9297ae3319eebffbe8e31e7ec37d48b770,0
ethereum/dex/trades/insert_indexed_finance.sql,6ca5643e741faf2c9a3ff6151b0c099d507da54b37a5ecfc6f7de2ff73bd318a,0
ethereum/dex/trades/insert_swapr.sql,af71eb7c927c618fcb26facbb2ed979d5cfaeef9aaec2de63c3e116676238622,0
ethereum/dex/trades/insert_loopring.sql,266966cab540caf0c31bf680652cba5e8a376a9e1603ec6d623a115e205f4f9b,0
ethereum/dex/trades/insert_mooniswap.sql,908aa449df002372579ebfc72c847662a76d498aa6771f6f76942ea81870589c,0
ethereum/dex/trades/insert_balancer.sql,1394a5bfb67e614406b880d59f8e07d6a489394d48679304891499e8e7e58897,0
ethereum/dex/trades/insert_dfx_finance.sql,2cff9201bbd8530eb63d78a943a60b02729dcabfe8340c49bb55c2808c83eea8,0
ethereum/dex/trades/insert_kyber.sql,eda53df4aaf61ea52932959e9fd08857c17d7f7ea52516042e257f6b2daa8cb3,0
ethereum/dex/trades/insert_sfinance.sql,a7f00cbe5e1f85114eb31a764f62d03c7d285b95e909aa211bfe8e9fea498a2d,0
ethereum/dex/trades/insert_sakeswap.sql,d434cdaa9ce903cde26fec1c9f75327c7db8f78fc8b74d79316cbd0bcfedfe0b,0
ethereum/dex/trades/insert_paraswap.sql,f2dbd90ee4d63ff0f3a7187ab9206a150b139f791722e60ff41207a0e0203c2f,0
ethereum/nft/trades/insert_foundation.sql,025c5ac55dee0637491af89b31e99b6185ead9b309a282bfce1be11e3de3bc9d,0
ethereum/nft/trades/insert_rarible.sql,e7070697878d247f9679b80da8c8c952fda4f711dee46c603899fe79011516dc,0
ethereum/nft/trades/insert_cryptopunks.sql,5c652a1bafe2e415f78e581ea7e66021db05218619a73aa25e8c7ce8e942dcca,0
ethereum/nft/trades/insert_superrare.sql,fe1493c04aaff4368367bfb8d9282e6a020eaa6668b1853e868f54b301330e9a,0
ethereum/nft/trades/insert_opensea.sql,b153c21dea3f2f6e06c6c770f33b239dfeb88b9d8e95096de99aafa615c2a8a9,0
ethereum/nft/trades/insert_LooksRare.sql,f1014a2f5f4646449041929daf1c5199a87ccfb2db02c0050b1df82db0d8fab7,0
ethereum/nft/trades/insert_nftx.sql,16127bf043015775de1dd0196d7028ed22447d45faa87efadfc308c5ae08588b,0
ethereum/nft/backfill_nft_tokens.sql,822f4a4d19a66eaaffd67381842cdd2a37120772b7e49eef87ce470ec5ff5573,0
ethereum/nft/trades/backfill_usd_prices.sql,e7e73cdc67f0b3e185247a2ac94d0d7b26e181fdbfe4de39b1bd73f43d00e996,0
ethereum/dex/backfill_usd_prices.sql,31464a700a3b38d58152a46387872db1a68e44ff4656891475ed8d408e378014,0
ethereum/setprotocol_v2/view_daily_unit_supply.sql,bd8437bd33a693a8b19b3e7dae80e0aa9cb9cba5580e6cea26dfd47d777bae1f,0
ethereum/setprotocol_v2/view_daily_position_multipliers.sql,0e2fc3e5a470ec9829519400233fa1e8532ead45a608c190fd150d8d4776b95b,0
ethereum/setprotocol_v2/view_daily_positions.sql,ec87957e732bde62e6c528d15b0e7043d3aa902ed3c4a96a83299b986b7bfd46,0
ethereum/setprotocol_v2/view_daily_tvl.sql,df8ade81ad29cdcd90263f0cb22775a2de7b590c28a61565656352bc9c558e02,0
ethereum/balancer_v2/view_lbps.sql,40fbb0a06c4a27a5b9c78e4b5eac28dbe188c6969a188dd41876fab5726b90ae,0
#ethereum/hashflow/trades.sql,9df4e4d3501291396223b6daf00ca6bad296eba27a9c45e1ab2ce50bca8f3077,0
#ethereum/dex/trades/insert_hashflow.sql,5e33b07347cd02597530207eb2b3f658839260476fbf2589d582ec734f308e2e,0
#ethereum/prices/lp_tokens_based_on_liquidity/insert_compound_v2.sql,b2bc98b8bd5607f8c06cd397b4b00ebb3291922403c54c0974a078aaed38628e,0
#ethereum/prices/lp_tokens_based_on_liquidity/lp_tokens_based_on_liquidity.sql,6e21032a7a79613026e0f9192405ea92abbf29c19ad1abfa5508ba926c19a90d,0
#ethereum/tokemak/view_tokemak_addresses.sql,8b9fd2504ed8e345618b5d818c63b2efcd3e8f5b809c240a734883c50a51f212,0
#ethereum/tokemak/view_tokemak_all_deployable_assets_by_asset_daily.sql,31764c02ad0442f1e9383b8be21481fa0d5273a84136909ecc6c998a681e2cc9,0
#ethereum/tokemak/view_tokemak_convex_pool_stats_daily.sql,06d9f88b4bb1e19a84093f22f84769a29e156d3dfaed9129f755470ac2111044,0
#ethereum/tokemak/view_tokemak_curve_convex_pool_total_supply.sql,fb467e7d645a31fc8bcd6779d8f53efa3734f0e13147e5ab6f9e8b66fa45baa2,0
#ethereum/tokemak/view_tokemak_curve_pool_stats_daily.sql,09e2ae9750c4b93b288b2821dcb2d15abf337a8d3dd13181df352457dd3602ae,0
#ethereum/tokemak/view_tokemak_deployed_asset_balances_daily.sql,20caeb79434eba25ad8f197a39a663d97c62e25538713da44ce3670399b0838c,0
#ethereum/tokemak/view_tokemak_lookup_metapools.sql,b62d48f647841b662ac31260da553f08bc3432e0e6a46e41d299b91e34b20602,0
#ethereum/tokemak/view_tokemak_lookup_reactors.sql,060511c0981a1d5c93b08cdab766d942b99ae6843867cbe6f537aee6eb708420,0
#ethereum/tokemak/view_tokemak_lookup_sources.sql,db2c471ac597b0241e910ea71b042093666edb7ce094d1b75722121fe2c468a6,0
#ethereum/tokemak/view_tokemak_lookup_tokens.sql,7adc31c9b7a8d1f127fc0d6bc61a7e6b2b9f4053b44e47647b693f786a0a5efc,0
#ethereum/tokemak/view_tokemak_outstanding_liabilities_daily.sql,725f65ad2bb76c8b4e0aea7bf01144edcf7b3bdccd10d59a3ea6ee393179541b,0
#ethereum/tokemak/view_tokemak_PCAs_daily.sql,09e262a58c20f1f675fd9ce7c6de64a73e6c6e3c5135a0efb5f643ce868cd75f,0
#ethereum/tokemak/view_tokemak_prices_usd_eth_daily.sql,3e9fb1580390c787415cdea13cf1881d5e30a3cfeeb07f5e50e2bbe51167d050,0
#ethereum/tokemak/view_tokemak_reactor_balances_daily.sql,bac3cefc4ccdda711a0fdedf7d225de7b588937cb77fe58a9c3e7446d2f8cb89,0
#ethereum/tokemak/view_tokemak_sushiswap_pool_stats_daily.sql,52073cb0a7f73636abf668d15a8d583ba9bbbd0b7b934be21bfe99a2dc959146,0
#ethereum/tokemak/view_tokemak_uniswap_pool_stats_daily.sql,3389136d32a9195aab023679084a41046c25363e48570505d2a3458696a1f8fc,0
#ethereum/tokemak/view_tokemak_wallet_balances_daily.sql,10957d2ca0f5bf71a61d7e045c6bf0740b11e56d0bc393f5ea5a13eb7fad26e1,0
#ethereum/zerion/insert_trades.sql,4e70261f595735a91dae9d099c15405ad5dfd920df1aadd09c6e03193795d36d,0
#ethereum/zerion/insert_uniandforks.sql,150d188ecb21f4768032496f9f01371c2fb1c0930675a16b7c1c9408b52dc3ed,0
